﻿<?xml version="1.0" encoding="utf-8"?>
<doc>
  <assembly>
    <name>Microsoft.Owin.Security</name>
  </assembly>
  <members>
    <member name="T:Microsoft.Owin.Security.AppBuilderSecurityExtensions">
      <summary>Provides extensions methods for app.Property values that are only needed by implementations of authentication middleware.</summary>
    </member>
    <member name="M:Microsoft.Owin.Security.AppBuilderSecurityExtensions.GetDefaultSignInAsAuthenticationType(Owin.IAppBuilder)">
      <summary>Returns the previously set AuthenticationType that external sign in middleware should use when the browser navigates back to their return url.</summary>
      <param name="app">App builder passed to the application startup code</param>
    </member>
    <member name="M:Microsoft.Owin.Security.AppBuilderSecurityExtensions.SetDefaultSignInAsAuthenticationType(Owin.IAppBuilder,System.String)">
      <summary>Called by middleware to change the name of the AuthenticationType that external middleware should use when the browser navigates back to their return url.</summary>
      <param name="app">App builder passed to the application startup code</param>
      <param name="authenticationType">AuthenticationType that external middleware should sign in as.</param>
    </member>
    <member name="T:Microsoft.Owin.Security.AuthenticationMode">
      <summary> Controla el comportamiento del middleware de autenticación.</summary>
    </member>
    <member name="F:Microsoft.Owin.Security.AuthenticationMode.Active">
      <summary> En el modo Activo, el middleware de autenticación modificará la identidad del usuario a medida que llegue la solicitud. Además, modificar un mensaje 401 normal a medida que se vaya la respuesta. </summary>
    </member>
    <member name="F:Microsoft.Owin.Security.AuthenticationMode.Passive">
      <summary> En el modo Pasivo, el middleware de autenticación solo proporcionará la identidad de usuario cuando se le solicite y solo modificará las respuestas 401 en las que el tipo de autenticación tenga nombre en los datos de desafío adicional. </summary>
    </member>
    <member name="T:Microsoft.Owin.Security.AuthenticationOptions">
      <summary>Opciones de base para todo el middleware de autenticación.</summary>
    </member>
    <member name="M:Microsoft.Owin.Security.AuthenticationOptions.#ctor(System.String)">
      <summary>Inicializar las propiedades de la clase de base AuthenticationOptions.</summary>
      <param name="authenticationType">Se asigna a la propiedad AuthenticationType.</param>
    </member>
    <member name="P:Microsoft.Owin.Security.AuthenticationOptions.AuthenticationMode">
      <summary>Si es activo, el middleware de autenticación modifica el usuario de la solicitud entrante y las respuestas 401 no autorizadas salientes.Si es pasivo, el middleware de autenticación solo proporcionará la identidad y modificará las respuestas cuando el objeto AuthenticationType lo indique explícitamente.</summary>
      <returns>El modo de autenticación.</returns>
    </member>
    <member name="P:Microsoft.Owin.Security.AuthenticationOptions.AuthenticationType">
      <summary>El objeto AuthenticationType en las opciones corresponde a la propiedad IIdentity AuthenticationType.Se puede asignar un valor diferente para utilizar el mismo tipo de middleware de autenticación más de una vez en una canalización.</summary>
      <returns>El tipo de autenticación.</returns>
    </member>
    <member name="P:Microsoft.Owin.Security.AuthenticationOptions.Description">
      <summary>Información adicional sobre el tipo de autenticación que se pone a disposición de la aplicación.</summary>
      <returns>La información adicional sobre la autenticación.</returns>
    </member>
    <member name="T:Microsoft.Owin.Security.AuthenticationTicket">
      <summary>Representa un vale de autenticación.</summary>
    </member>
    <member name="M:Microsoft.Owin.Security.AuthenticationTicket.#ctor(System.Security.Claims.ClaimsIdentity,Microsoft.Owin.Security.AuthenticationProperties)"></member>
    <member name="P:Microsoft.Owin.Security.AuthenticationTicket.Identity">
      <summary>Obtiene o establece la identidad de este vale.</summary>
      <returns>La identidad del vale.</returns>
    </member>
    <member name="P:Microsoft.Owin.Security.AuthenticationTicket.Properties"></member>
    <member name="T:Microsoft.Owin.Security.CertificateSubjectKeyIdentifierValidator">
      <summary>Provides pinned certificate validation based on the subject key identifier of the certificate.</summary>
    </member>
    <member name="M:Microsoft.Owin.Security.CertificateSubjectKeyIdentifierValidator.#ctor(System.Collections.Generic.IEnumerable{System.String})">
      <summary>Initializes a new instance of the <see cref="T:Microsoft.Owin.Security.CertificateSubjectKeyIdentifierValidator" /> class.</summary>
      <param name="validSubjectKeyIdentifiers">A set of subject key identifiers which are valid for an HTTPS request.</param>
    </member>
    <member name="M:Microsoft.Owin.Security.CertificateSubjectKeyIdentifierValidator.Validate(System.Object,System.Security.Cryptography.X509Certificates.X509Certificate,System.Security.Cryptography.X509Certificates.X509Chain,System.Net.Security.SslPolicyErrors)"></member>
    <member name="T:Microsoft.Owin.Security.CertificateSubjectPublicKeyInfoValidator">
      <summary>Provides method to validate the certificate subject public key info.</summary>
    </member>
    <member name="M:Microsoft.Owin.Security.CertificateSubjectPublicKeyInfoValidator.#ctor(System.Collections.Generic.IEnumerable{System.String},Microsoft.Owin.Security.SubjectPublicKeyInfoAlgorithm)">
      <summary>Initializes a new instance of the <see cref="T:Microsoft.Owin.Security.CertificateSubjectPublicKeyInfoValidator" /> class.</summary>
      <param name="validBase64EncodedSubjectPublicKeyInfoHashes">The subject public key info to validate.</param>
      <param name="algorithm">The algorithm used to encrypt the public key.</param>
    </member>
    <member name="M:Microsoft.Owin.Security.CertificateSubjectPublicKeyInfoValidator.Validate(System.Object,System.Security.Cryptography.X509Certificates.X509Certificate,System.Security.Cryptography.X509Certificates.X509Chain,System.Net.Security.SslPolicyErrors)">
      <summary>Validates the subject public key info.</summary>
      <returns>true if the subject public key info is valid; otherwise, false.</returns>
      <param name="sender">The certificate sender.</param>
      <param name="certificate">The certificate that contains the subject public key info.</param>
      <param name="chain">The certificate chain.</param>
      <param name="sslPolicyErrors">The SSL policy errors.</param>
    </member>
    <member name="T:Microsoft.Owin.Security.CertificateThumbprintValidator">
      <summary>Represents the thumbprint validator.</summary>
    </member>
    <member name="M:Microsoft.Owin.Security.CertificateThumbprintValidator.#ctor(System.Collections.Generic.IEnumerable{System.String})">
      <summary>Initializes a new instance of the <see cref="T:Microsoft.Owin.Security.CertificateThumbprintValidator" /> class.</summary>
      <param name="validThumbprints">The valid thumbprints.</param>
    </member>
    <member name="M:Microsoft.Owin.Security.CertificateThumbprintValidator.Validate(System.Object,System.Security.Cryptography.X509Certificates.X509Certificate,System.Security.Cryptography.X509Certificates.X509Chain,System.Net.Security.SslPolicyErrors)">
      <summary>Indicates whether the validator validates the certificate.</summary>
      <returns>true if the validator validates the certificate; otherwise, false.</returns>
      <param name="sender">The sender.</param>
      <param name="certificate">The certificate.</param>
      <param name="chain">The chain.</param>
      <param name="sslPolicyErrors">The errors in Ssl policy.</param>
    </member>
    <member name="T:Microsoft.Owin.Security.ICertificateValidator">
      <summary>Represents the list of objects being validated by the certificate validator.</summary>
    </member>
    <member name="M:Microsoft.Owin.Security.ICertificateValidator.Validate(System.Object,System.Security.Cryptography.X509Certificates.X509Certificate,System.Security.Cryptography.X509Certificates.X509Chain,System.Net.Security.SslPolicyErrors)">
      <summary>Indicates whether certificate was validated by the validator.</summary>
      <returns>true if the certificate was validated; otherwise, false.</returns>
      <param name="sender">The sender.</param>
      <param name="certificate">The certificate.</param>
      <param name="chain">The chain.</param>
      <param name="sslPolicyErrors">The Ssl Policy Errors.</param>
    </member>
    <member name="T:Microsoft.Owin.Security.ISecureDataFormat`1">
      <summary>Represents the data to secrure.</summary>
      <typeparam name="TData">The generic type data.</typeparam>
    </member>
    <member name="M:Microsoft.Owin.Security.ISecureDataFormat`1.Protect(`0)">
      <summary>Protects a data so that it cannot be formatted.</summary>
      <returns>A data to protect.</returns>
      <param name="data">The data.</param>
    </member>
    <member name="M:Microsoft.Owin.Security.ISecureDataFormat`1.Unprotect(System.String)">
      <summary>Decrypts the data in a specified text.</summary>
      <returns>The data to decrypt.</returns>
      <param name="protectedText">The protected text.</param>
    </member>
    <member name="T:Microsoft.Owin.Security.SubjectPublicKeyInfoAlgorithm">
      <summary>The algorithm used to generate the subject public key information blob hashes.</summary>
    </member>
    <member name="F:Microsoft.Owin.Security.SubjectPublicKeyInfoAlgorithm.Sha1">
      <summary />
    </member>
    <member name="F:Microsoft.Owin.Security.SubjectPublicKeyInfoAlgorithm.Sha256">
      <summary />
    </member>
    <member name="T:Microsoft.Owin.Security.DataHandler.PropertiesDataFormat"></member>
    <member name="M:Microsoft.Owin.Security.DataHandler.PropertiesDataFormat.#ctor(Microsoft.Owin.Security.DataProtection.IDataProtector)"></member>
    <member name="T:Microsoft.Owin.Security.DataHandler.SecureDataFormat`1">
      <typeparam name="TData"></typeparam>
    </member>
    <member name="M:Microsoft.Owin.Security.DataHandler.SecureDataFormat`1.#ctor(Microsoft.Owin.Security.DataHandler.Serializer.IDataSerializer{`0},Microsoft.Owin.Security.DataProtection.IDataProtector,Microsoft.Owin.Security.DataHandler.Encoder.ITextEncoder)"></member>
    <member name="M:Microsoft.Owin.Security.DataHandler.SecureDataFormat`1.Protect(`0)"></member>
    <member name="M:Microsoft.Owin.Security.DataHandler.SecureDataFormat`1.Unprotect(System.String)"></member>
    <member name="T:Microsoft.Owin.Security.DataHandler.TicketDataFormat"></member>
    <member name="M:Microsoft.Owin.Security.DataHandler.TicketDataFormat.#ctor(Microsoft.Owin.Security.DataProtection.IDataProtector)"></member>
    <member name="T:Microsoft.Owin.Security.DataHandler.Encoder.Base64TextEncoder">
      <summary>Representa un codificador de formato base64 de texto.</summary>
    </member>
    <member name="M:Microsoft.Owin.Security.DataHandler.Encoder.Base64TextEncoder.#ctor">
      <summary>Inicializa una nueva instancia de la clase <see cref="T:Microsoft.Owin.Security.DataHandler.Encoder.Base64TextEncoder" />.</summary>
    </member>
    <member name="M:Microsoft.Owin.Security.DataHandler.Encoder.Base64TextEncoder.Decode(System.String)">
      <summary>Descodifica el texto especificado.</summary>
      <returns>Un objeto <see cref="T:System.Byte" /> que representa los datos descodificados.</returns>
      <param name="text">El texto que se va a descodificar.</param>
    </member>
    <member name="M:Microsoft.Owin.Security.DataHandler.Encoder.Base64TextEncoder.Encode(System.Byte[])">
      <summary>Convierte datos a una cadena en el formato base64.</summary>
      <returns>Una cadena de datos convertida en formato base64.</returns>
      <param name="data">Los datos que se deben convertir.</param>
    </member>
    <member name="T:Microsoft.Owin.Security.DataHandler.Encoder.Base64UrlTextEncoder">
      <summary>Representa un codificador de formato Base64Url de texto.</summary>
    </member>
    <member name="M:Microsoft.Owin.Security.DataHandler.Encoder.Base64UrlTextEncoder.#ctor">
      <summary>Inicializa una nueva instancia de la clase <see cref="T:Microsoft.Owin.Security.DataHandler.Encoder.Base64UrlTextEncoder" />.</summary>
    </member>
    <member name="M:Microsoft.Owin.Security.DataHandler.Encoder.Base64UrlTextEncoder.Decode(System.String)">
      <summary>Descodifica el texto especificado.</summary>
      <returns>Un objeto <see cref="T:System.Byte" /> que representa los datos descodificados.</returns>
      <param name="text">El texto que se va a descodificar.</param>
    </member>
    <member name="M:Microsoft.Owin.Security.DataHandler.Encoder.Base64UrlTextEncoder.Encode(System.Byte[])">
      <summary>Convierte datos a una cadena en el formato Base64Url.</summary>
      <returns>Una cadena de datos convertida en formato Base64Url.</returns>
      <param name="data">Los datos que se deben convertir.</param>
    </member>
    <member name="T:Microsoft.Owin.Security.DataHandler.Encoder.ITextEncoder">
      <summary>Representa una interfaz para el codificador de texto.</summary>
    </member>
    <member name="M:Microsoft.Owin.Security.DataHandler.Encoder.ITextEncoder.Decode(System.String)">
      <summary>Descodifica el texto especificado.</summary>
      <returns>Un objeto <see cref="T:System.Byte" /> que representa los datos descodificados.</returns>
      <param name="text">El texto que se va a descodificar.</param>
    </member>
    <member name="M:Microsoft.Owin.Security.DataHandler.Encoder.ITextEncoder.Encode(System.Byte[])">
      <summary>Convierte datos en una cadena.</summary>
      <returns>Una cadena de datos convertidos.</returns>
      <param name="data">Los datos que se deben convertir.</param>
    </member>
    <member name="T:Microsoft.Owin.Security.DataHandler.Encoder.TextEncodings">
      <summary>Representa las codificaciones de texto.</summary>
    </member>
    <member name="P:Microsoft.Owin.Security.DataHandler.Encoder.TextEncodings.Base64">
      <summary>Obtiene un codificador de Base64.</summary>
      <returns>Un codificador de Base64.</returns>
    </member>
    <member name="P:Microsoft.Owin.Security.DataHandler.Encoder.TextEncodings.Base64Url">
      <summary>Obtiene un codificador de Base64Url.</summary>
      <returns>Un codificador de Base64Url.</returns>
    </member>
    <member name="T:Microsoft.Owin.Security.DataHandler.Serializer.DataSerializers">
      <summary>Proporciona serializadores de datos.</summary>
    </member>
    <member name="P:Microsoft.Owin.Security.DataHandler.Serializer.DataSerializers.Properties"></member>
    <member name="P:Microsoft.Owin.Security.DataHandler.Serializer.DataSerializers.Ticket">
      <summary>Obtiene o establece el serializador de datos de vale.</summary>
      <returns>El serializador de datos de vale.</returns>
    </member>
    <member name="T:Microsoft.Owin.Security.DataHandler.Serializer.IDataSerializer`1">
      <summary>Representa una interfaz para el serializador de datos.</summary>
      <typeparam name="TModel">El tipo de modelo de los datos.</typeparam>
    </member>
    <member name="M:Microsoft.Owin.Security.DataHandler.Serializer.IDataSerializer`1.Deserialize(System.Byte[])">
      <summary>Deserializa los datos especificados.</summary>
      <param name="data">Los datos que se van a deserializar.</param>
    </member>
    <member name="M:Microsoft.Owin.Security.DataHandler.Serializer.IDataSerializer`1.Serialize(`0)">
      <summary>Serializa datos con un modelo dado.</summary>
      <param name="model">El modelo de datos.</param>
    </member>
    <member name="T:Microsoft.Owin.Security.DataHandler.Serializer.PropertiesSerializer"></member>
    <member name="M:Microsoft.Owin.Security.DataHandler.Serializer.PropertiesSerializer.#ctor"></member>
    <member name="M:Microsoft.Owin.Security.DataHandler.Serializer.PropertiesSerializer.Deserialize(System.Byte[])"></member>
    <member name="M:Microsoft.Owin.Security.DataHandler.Serializer.PropertiesSerializer.Read(System.IO.BinaryReader)"></member>
    <member name="M:Microsoft.Owin.Security.DataHandler.Serializer.PropertiesSerializer.Serialize(Microsoft.Owin.Security.AuthenticationProperties)"></member>
    <member name="M:Microsoft.Owin.Security.DataHandler.Serializer.PropertiesSerializer.Write(System.IO.BinaryWriter,Microsoft.Owin.Security.AuthenticationProperties)"></member>
    <member name="T:Microsoft.Owin.Security.DataHandler.Serializer.TicketSerializer">
      <summary>Representa un serializador de vale.</summary>
    </member>
    <member name="M:Microsoft.Owin.Security.DataHandler.Serializer.TicketSerializer.#ctor">
      <summary>Inicializa una nueva instancia de la clase <see cref="T:Microsoft.Owin.Security.DataHandler.Serializer.TicketSerializer" />.</summary>
    </member>
    <member name="M:Microsoft.Owin.Security.DataHandler.Serializer.TicketSerializer.Deserialize(System.Byte[])">
      <summary>Deserializa los datos de vale.</summary>
      <returns>Los datos que se deserializan.</returns>
      <param name="data">Los datos que se van a deserializar.</param>
    </member>
    <member name="M:Microsoft.Owin.Security.DataHandler.Serializer.TicketSerializer.Read(System.IO.BinaryReader)">
      <summary>Lee los datos especificados desde el lector.</summary>
      <returns>Los datos que se están leyendo.</returns>
      <param name="reader">El lector desde el que hacer la lectura.</param>
    </member>
    <member name="M:Microsoft.Owin.Security.DataHandler.Serializer.TicketSerializer.Serialize(Microsoft.Owin.Security.AuthenticationTicket)">
      <summary>Serializa datos con un modelo dado.</summary>
      <param name="model">El modelo de datos.</param>
    </member>
    <member name="M:Microsoft.Owin.Security.DataHandler.Serializer.TicketSerializer.Write(System.IO.BinaryWriter,Microsoft.Owin.Security.AuthenticationTicket)">
      <summary>Escribe datos desde el grabador especificado.</summary>
      <param name="writer">El grabador.</param>
      <param name="model">El modelo de datos.</param>
    </member>
    <member name="T:Microsoft.Owin.Security.DataProtection.AppBuilderExtensions">
      <summary>Extensiones del generador de aplicaciones.</summary>
    </member>
    <member name="M:Microsoft.Owin.Security.DataProtection.AppBuilderExtensions.CreateDataProtector(Owin.IAppBuilder,System.String[])"></member>
    <member name="M:Microsoft.Owin.Security.DataProtection.AppBuilderExtensions.GetDataProtectionProvider(Owin.IAppBuilder)">
      <summary>Recupera un proveedor de protección de datos para la aplicación.</summary>
      <returns>Objeto <see cref="T:Microsoft.Owin.Security.DataProtection.IDataProtectionProvider" /> que se obtendrá.</returns>
      <param name="app">El generador de aplicación.</param>
    </member>
    <member name="M:Microsoft.Owin.Security.DataProtection.AppBuilderExtensions.SetDataProtectionProvider(Owin.IAppBuilder,Microsoft.Owin.Security.DataProtection.IDataProtectionProvider)">
      <summary>Establece un proveedor de protección de datos.</summary>
      <param name="app">El generador de aplicación.</param>
      <param name="dataProtectionProvider">Proveedor de protección de datos que se establecerá.</param>
    </member>
    <member name="T:Microsoft.Owin.Security.DataProtection.DpapiDataProtectionProvider">
      <summary>Se utiliza para proporcionar los servicios de protección de datos que se derivan de la API de protección de datos.Se trata de la mejor opción de protección de datos cuando la aplicación no se hospeda en ASP.NET y todos los procesos se ejecutan en la misma identidad de dominios.</summary>
    </member>
    <member name="M:Microsoft.Owin.Security.DataProtection.DpapiDataProtectionProvider.#ctor">
      <summary>Inicializa una nueva instancia de la clase <see cref="T:Microsoft.Owin.Security.DataProtection.DpapiDataProtectionProvider" />.</summary>
    </member>
    <member name="M:Microsoft.Owin.Security.DataProtection.DpapiDataProtectionProvider.#ctor(System.String)"></member>
    <member name="M:Microsoft.Owin.Security.DataProtection.DpapiDataProtectionProvider.Create(System.String[])">
      <summary> Devuelve una nueva instancia del objeto IDataProtection del proveedor. </summary>
      <returns>Una instancia de un servicio de protección de datos.</returns>
      <param name="purposes">La entropía adicional que se utiliza para garantizar que los datos protegidos solo se pueden desproteger por los motivos adecuados.</param>
    </member>
    <member name="T:Microsoft.Owin.Security.DataProtection.IDataProtectionProvider">
      <summary> El generador que se usa para crear las instancias de IDataProtection.</summary>
    </member>
    <member name="M:Microsoft.Owin.Security.DataProtection.IDataProtectionProvider.Create(System.String[])">
      <summary> Devuelve una nueva instancia del objeto IDataProtection del proveedor. </summary>
      <returns>Una instancia de un servicio de protección de datos.</returns>
      <param name="purposes">La entropía adicional que se utiliza para garantizar que los datos protegidos solo se pueden desproteger por los motivos adecuados.</param>
    </member>
    <member name="T:Microsoft.Owin.Security.DataProtection.IDataProtector">
      <summary> El servicio que se usa para proteger y desproteger los datos.</summary>
    </member>
    <member name="M:Microsoft.Owin.Security.DataProtection.IDataProtector.Protect(System.Byte[])">
      <summary> Se llama para proteger los datos de usuario.</summary>
      <param name="userData">Los datos originales que se deben proteger.</param>
    </member>
    <member name="M:Microsoft.Owin.Security.DataProtection.IDataProtector.Unprotect(System.Byte[])">
      <summary> Se llama para desproteger los datos de usuario.</summary>
      <param name="protectedData">La matriz de bytes que se devuelve con una llamada a Protect en un servicio IDataProtection idéntico.</param>
    </member>
    <member name="T:Microsoft.Owin.Security.Infrastructure.AuthenticationHandler">
      <summary> La clase base para el trabajo por solicitud que realiza el middleware de autenticación. </summary>
    </member>
    <member name="M:Microsoft.Owin.Security.Infrastructure.AuthenticationHandler.#ctor">
      <summary>Inicializa una nueva instancia de la clase <see cref="T:Microsoft.Owin.Security.Infrastructure.AuthenticationHandler" />.</summary>
    </member>
    <member name="M:Microsoft.Owin.Security.Infrastructure.AuthenticationHandler.ApplyResponseChallengeAsync"></member>
    <member name="M:Microsoft.Owin.Security.Infrastructure.AuthenticationHandler.ApplyResponseCoreAsync"></member>
    <member name="M:Microsoft.Owin.Security.Infrastructure.AuthenticationHandler.ApplyResponseGrantAsync"></member>
    <member name="M:Microsoft.Owin.Security.Infrastructure.AuthenticationHandler.AuthenticateAsync"></member>
    <member name="M:Microsoft.Owin.Security.Infrastructure.AuthenticationHandler.AuthenticateCoreAsync"></member>
    <member name="M:Microsoft.Owin.Security.Infrastructure.AuthenticationHandler.BaseInitializeAsync(Microsoft.Owin.Security.AuthenticationOptions,Microsoft.Owin.IOwinContext)"></member>
    <member name="P:Microsoft.Owin.Security.Infrastructure.AuthenticationHandler.Context"></member>
    <member name="M:Microsoft.Owin.Security.Infrastructure.AuthenticationHandler.GenerateCorrelationId(Microsoft.Owin.Security.AuthenticationProperties)"></member>
    <member name="P:Microsoft.Owin.Security.Infrastructure.AuthenticationHandler.Helper"></member>
    <member name="M:Microsoft.Owin.Security.Infrastructure.AuthenticationHandler.InitializeCoreAsync"></member>
    <member name="M:Microsoft.Owin.Security.Infrastructure.AuthenticationHandler.InvokeAsync"></member>
    <member name="P:Microsoft.Owin.Security.Infrastructure.AuthenticationHandler.Request"></member>
    <member name="P:Microsoft.Owin.Security.Infrastructure.AuthenticationHandler.RequestPathBase"></member>
    <member name="P:Microsoft.Owin.Security.Infrastructure.AuthenticationHandler.Response"></member>
    <member name="M:Microsoft.Owin.Security.Infrastructure.AuthenticationHandler.TeardownCoreAsync"></member>
    <member name="M:Microsoft.Owin.Security.Infrastructure.AuthenticationHandler.ValidateCorrelationId(Microsoft.Owin.Security.AuthenticationProperties,Microsoft.Owin.Logging.ILogger)"></member>
    <member name="T:Microsoft.Owin.Security.Infrastructure.AuthenticationHandler`1">
      <summary>La clase base para el trabajo por solicitud que realiza el middleware de autenticación.</summary>
      <typeparam name="TOptions">El tipo de opciones.</typeparam>
    </member>
    <member name="M:Microsoft.Owin.Security.Infrastructure.AuthenticationHandler`1.#ctor">
      <summary>Inicializa una nueva instancia de la clase <see cref="T:Microsoft.Owin.Security.Infrastructure.AuthenticationHandler`1" />.</summary>
    </member>
    <member name="P:Microsoft.Owin.Security.Infrastructure.AuthenticationHandler`1.Options"></member>
    <member name="T:Microsoft.Owin.Security.Infrastructure.AuthenticationMiddleware`1">
      <summary>Representa un middleware de autenticación.</summary>
      <typeparam name="TOptions">Opciones del tipo de autenticación.</typeparam>
    </member>
    <member name="M:Microsoft.Owin.Security.Infrastructure.AuthenticationMiddleware`1.#ctor(Microsoft.Owin.OwinMiddleware,`0)">
      <summary>Inicializa una nueva instancia de la clase <see cref="T:Microsoft.Owin.Security.Infrastructure.AuthenticationMiddleware`1" />.</summary>
      <param name="next">Siguiente middleware OWIN.</param>
      <param name="options">Opciones de autenticación.</param>
    </member>
    <member name="M:Microsoft.Owin.Security.Infrastructure.AuthenticationMiddleware`1.CreateHandler">
      <summary>Crea un controlador de autenticación.</summary>
      <returns>Objeto <see cref="T:Microsoft.Owin.Security.Infrastructure.AuthenticationHandler`1" /> creado.</returns>
    </member>
    <member name="M:Microsoft.Owin.Security.Infrastructure.AuthenticationMiddleware`1.Invoke(Microsoft.Owin.IOwinContext)"></member>
    <member name="P:Microsoft.Owin.Security.Infrastructure.AuthenticationMiddleware`1.Options">
      <summary>Obtiene o establece las opciones de autenticación.</summary>
      <returns>Tarea que completa la autenticación.</returns>
    </member>
    <member name="T:Microsoft.Owin.Security.Infrastructure.AuthenticationTokenCreateContext"></member>
    <member name="M:Microsoft.Owin.Security.Infrastructure.AuthenticationTokenCreateContext.#ctor(Microsoft.Owin.IOwinContext,Microsoft.Owin.Security.ISecureDataFormat{Microsoft.Owin.Security.AuthenticationTicket},Microsoft.Owin.Security.AuthenticationTicket)"></member>
    <member name="M:Microsoft.Owin.Security.Infrastructure.AuthenticationTokenCreateContext.SerializeTicket"></member>
    <member name="M:Microsoft.Owin.Security.Infrastructure.AuthenticationTokenCreateContext.SetToken(System.String)"></member>
    <member name="P:Microsoft.Owin.Security.Infrastructure.AuthenticationTokenCreateContext.Ticket"></member>
    <member name="P:Microsoft.Owin.Security.Infrastructure.AuthenticationTokenCreateContext.Token"></member>
    <member name="T:Microsoft.Owin.Security.Infrastructure.AuthenticationTokenProvider"></member>
    <member name="M:Microsoft.Owin.Security.Infrastructure.AuthenticationTokenProvider.#ctor"></member>
    <member name="M:Microsoft.Owin.Security.Infrastructure.AuthenticationTokenProvider.Create(Microsoft.Owin.Security.Infrastructure.AuthenticationTokenCreateContext)"></member>
    <member name="M:Microsoft.Owin.Security.Infrastructure.AuthenticationTokenProvider.CreateAsync(Microsoft.Owin.Security.Infrastructure.AuthenticationTokenCreateContext)"></member>
    <member name="P:Microsoft.Owin.Security.Infrastructure.AuthenticationTokenProvider.OnCreate"></member>
    <member name="P:Microsoft.Owin.Security.Infrastructure.AuthenticationTokenProvider.OnCreateAsync"></member>
    <member name="P:Microsoft.Owin.Security.Infrastructure.AuthenticationTokenProvider.OnReceive"></member>
    <member name="P:Microsoft.Owin.Security.Infrastructure.AuthenticationTokenProvider.OnReceiveAsync"></member>
    <member name="M:Microsoft.Owin.Security.Infrastructure.AuthenticationTokenProvider.Receive(Microsoft.Owin.Security.Infrastructure.AuthenticationTokenReceiveContext)"></member>
    <member name="M:Microsoft.Owin.Security.Infrastructure.AuthenticationTokenProvider.ReceiveAsync(Microsoft.Owin.Security.Infrastructure.AuthenticationTokenReceiveContext)"></member>
    <member name="T:Microsoft.Owin.Security.Infrastructure.AuthenticationTokenReceiveContext"></member>
    <member name="M:Microsoft.Owin.Security.Infrastructure.AuthenticationTokenReceiveContext.#ctor(Microsoft.Owin.IOwinContext,Microsoft.Owin.Security.ISecureDataFormat{Microsoft.Owin.Security.AuthenticationTicket},System.String)"></member>
    <member name="M:Microsoft.Owin.Security.Infrastructure.AuthenticationTokenReceiveContext.DeserializeTicket(System.String)"></member>
    <member name="M:Microsoft.Owin.Security.Infrastructure.AuthenticationTokenReceiveContext.SetTicket(Microsoft.Owin.Security.AuthenticationTicket)"></member>
    <member name="P:Microsoft.Owin.Security.Infrastructure.AuthenticationTokenReceiveContext.Ticket"></member>
    <member name="P:Microsoft.Owin.Security.Infrastructure.AuthenticationTokenReceiveContext.Token"></member>
    <member name="T:Microsoft.Owin.Security.Infrastructure.IAuthenticationTokenProvider"></member>
    <member name="M:Microsoft.Owin.Security.Infrastructure.IAuthenticationTokenProvider.Create(Microsoft.Owin.Security.Infrastructure.AuthenticationTokenCreateContext)"></member>
    <member name="M:Microsoft.Owin.Security.Infrastructure.IAuthenticationTokenProvider.CreateAsync(Microsoft.Owin.Security.Infrastructure.AuthenticationTokenCreateContext)"></member>
    <member name="M:Microsoft.Owin.Security.Infrastructure.IAuthenticationTokenProvider.Receive(Microsoft.Owin.Security.Infrastructure.AuthenticationTokenReceiveContext)"></member>
    <member name="M:Microsoft.Owin.Security.Infrastructure.IAuthenticationTokenProvider.ReceiveAsync(Microsoft.Owin.Security.Infrastructure.AuthenticationTokenReceiveContext)"></member>
    <member name="T:Microsoft.Owin.Security.Infrastructure.SecurityHelper">
      <summary>El código de la aplicación auxiliar que se usa al implementar middleware de autenticación.</summary>
    </member>
    <member name="M:Microsoft.Owin.Security.Infrastructure.SecurityHelper.#ctor(Microsoft.Owin.IOwinContext)"></member>
    <member name="M:Microsoft.Owin.Security.Infrastructure.SecurityHelper.AddUserIdentity(System.Security.Principal.IIdentity)">
      <summary>Agrega un objeto ClaimsIdentity adicional al objeto ClaimsPrincipal en la clave de entorno "server.User".</summary>
      <param name="identity">La identidad de la aplicación auxiliar.</param>
    </member>
    <member name="M:Microsoft.Owin.Security.Infrastructure.SecurityHelper.Equals(Microsoft.Owin.Security.Infrastructure.SecurityHelper)"></member>
    <member name="M:Microsoft.Owin.Security.Infrastructure.SecurityHelper.Equals(System.Object)"></member>
    <member name="M:Microsoft.Owin.Security.Infrastructure.SecurityHelper.GetHashCode"></member>
    <member name="M:Microsoft.Owin.Security.Infrastructure.SecurityHelper.LookupChallenge(System.String,Microsoft.Owin.Security.AuthenticationMode)">
      <summary>Buscar los detalles del desafío de respuesta para un middleware de autenticación concreto.</summary>
      <returns>La información que indica el comportamiento del middleware.</returns>
      <param name="authenticationType">El tipo de autenticación que se va a buscar.</param>
      <param name="authenticationMode">El modo de autenticación bajo el que se ejecuta el middleware.</param>
    </member>
    <member name="M:Microsoft.Owin.Security.Infrastructure.SecurityHelper.LookupSignIn(System.String)"></member>
    <member name="M:Microsoft.Owin.Security.Infrastructure.SecurityHelper.LookupSignOut(System.String,Microsoft.Owin.Security.AuthenticationMode)"></member>
    <member name="M:Microsoft.Owin.Security.Infrastructure.SecurityHelper.op_Equality(Microsoft.Owin.Security.Infrastructure.SecurityHelper,Microsoft.Owin.Security.Infrastructure.SecurityHelper)"></member>
    <member name="M:Microsoft.Owin.Security.Infrastructure.SecurityHelper.op_Inequality(Microsoft.Owin.Security.Infrastructure.SecurityHelper,Microsoft.Owin.Security.Infrastructure.SecurityHelper)"></member>
    <member name="T:Microsoft.Owin.Security.Provider.BaseContext">
      <summary>Representa un contexto base.</summary>
    </member>
    <member name="M:Microsoft.Owin.Security.Provider.BaseContext.#ctor(Microsoft.Owin.IOwinContext)"></member>
    <member name="P:Microsoft.Owin.Security.Provider.BaseContext.OwinContext"></member>
    <member name="P:Microsoft.Owin.Security.Provider.BaseContext.Request"></member>
    <member name="P:Microsoft.Owin.Security.Provider.BaseContext.Response"></member>
    <member name="T:Microsoft.Owin.Security.Provider.BaseContext`1">
      <summary>Base class used for certain event contexts</summary>
      <typeparam name="TOptions"></typeparam>
    </member>
    <member name="M:Microsoft.Owin.Security.Provider.BaseContext`1.#ctor(Microsoft.Owin.IOwinContext,`0)"></member>
    <member name="P:Microsoft.Owin.Security.Provider.BaseContext`1.Options"></member>
    <member name="P:Microsoft.Owin.Security.Provider.BaseContext`1.OwinContext"></member>
    <member name="P:Microsoft.Owin.Security.Provider.BaseContext`1.Request"></member>
    <member name="P:Microsoft.Owin.Security.Provider.BaseContext`1.Response"></member>
    <member name="T:Microsoft.Owin.Security.Provider.EndpointContext">
      <summary>Representa un contacto de extremo.</summary>
    </member>
    <member name="M:Microsoft.Owin.Security.Provider.EndpointContext.#ctor(Microsoft.Owin.IOwinContext)"></member>
    <member name="P:Microsoft.Owin.Security.Provider.EndpointContext.IsRequestCompleted">
      <summary>Obtiene o establece un valor que indica si la solicitud de este contexto se ha completado.</summary>
      <returns>true si la solicitud de este contexto se ha completado; de lo contrario, false.</returns>
    </member>
    <member name="M:Microsoft.Owin.Security.Provider.EndpointContext.RequestCompleted">
      <summary>Indica la solicitud completada del contexto.</summary>
    </member>
    <member name="T:Microsoft.Owin.Security.Provider.EndpointContext`1">
      <summary>Base class used for certain event contexts</summary>
      <typeparam name="TOptions"></typeparam>
    </member>
    <member name="M:Microsoft.Owin.Security.Provider.EndpointContext`1.#ctor(Microsoft.Owin.IOwinContext,`0)">
      <summary>Creates an instance of this context</summary>
    </member>
    <member name="P:Microsoft.Owin.Security.Provider.EndpointContext`1.IsRequestCompleted">
      <summary>True if the request should not be processed further by other components.</summary>
    </member>
    <member name="M:Microsoft.Owin.Security.Provider.EndpointContext`1.RequestCompleted">
      <summary>Prevents the request from being processed further by other components. IsRequestCompleted becomes true after calling.</summary>
    </member>
    <member name="T:Microsoft.Owin.Security.Provider.ReturnEndpointContext">
      <summary>Representa el contexto del extremo devuelto.</summary>
    </member>
    <member name="M:Microsoft.Owin.Security.Provider.ReturnEndpointContext.#ctor(Microsoft.Owin.IOwinContext,Microsoft.Owin.Security.AuthenticationTicket)"></member>
    <member name="P:Microsoft.Owin.Security.Provider.ReturnEndpointContext.Identity">
      <summary>Obtiene o establece la identidad de este contexto.</summary>
      <returns>Identidad de este contexto.</returns>
    </member>
    <member name="P:Microsoft.Owin.Security.Provider.ReturnEndpointContext.Properties"></member>
    <member name="P:Microsoft.Owin.Security.Provider.ReturnEndpointContext.RedirectUri">
      <summary>Obtiene o establece el URI que debe usarse cuando se devuelve este contexto.</summary>
      <returns>URI que debe usarse cuando se devuelve este contexto.</returns>
    </member>
    <member name="P:Microsoft.Owin.Security.Provider.ReturnEndpointContext.SignInAsAuthenticationType">
      <summary>Obtiene o establece el contexto que inicia sesión como tipo de autenticación.</summary>
      <returns>Contexto que inicia sesión como tipo de autenticación.</returns>
    </member>
  </members>
</doc>